Filename,Prediction
158_0.jpg,2C
158_1.jpg,2C
158_10.jpg,2C
158_11.jpg,2C
158_12.jpg,2C
158_13.jpg,2C
158_14.jpg,2C
158_15.jpg,2C
158_16.jpg,2C
158_17.jpg,2C
158_18.jpg,2C
158_19.jpg,2C
158_2.jpg,2C
158_20.jpg,2C
158_21.jpg,2C
158_22.jpg,2C
158_23.jpg,2C
158_24.jpg,2C
158_25.jpg,2C
158_26.jpg,2C
158_27.jpg,2C
158_28.jpg,2C
158_29.jpg,2C
158_3.jpg,2C
158_30.jpg,2C
158_31.jpg,2C
158_32.jpg,2C
158_33.jpg,2C
158_34.jpg,2C
158_35.jpg,2C
158_4.jpg,2C
158_5.jpg,2C
158_6.jpg,2C
158_7.jpg,2C
158_8.jpg,2C
158_9.jpg,2C
165_0.jpg,2C
165_1.jpg,2C
165_10.jpg,2C
165_11.jpg,2C
165_12.jpg,2C
165_13.jpg,2C
165_14.jpg,2C
165_15.jpg,2C
165_16.jpg,2C
165_17.jpg,2C
165_18.jpg,2C
165_19.jpg,2C
165_2.jpg,2C
165_20.jpg,2C
165_21.jpg,2C
165_22.jpg,2C
165_23.jpg,2C
165_24.jpg,2C
165_25.jpg,2C
165_26.jpg,2C
165_27.jpg,2C
165_28.jpg,2C
165_29.jpg,2C
165_3.jpg,2C
165_30.jpg,2C
165_4.jpg,2C
165_5.jpg,2C
165_6.jpg,2C
165_7.jpg,2C
165_8.jpg,2C
165_9.jpg,2C
168_0.jpg,2C
168_1.jpg,2C
168_10.jpg,2C
168_11.jpg,2C
168_12.jpg,2C
168_13.jpg,2C
168_14.jpg,2C
168_15.jpg,2C
168_16.jpg,2C
168_17.jpg,2C
168_18.jpg,2C
168_19.jpg,2C
168_2.jpg,2C
168_3.jpg,2C
168_4.jpg,2C
168_5.jpg,2C
168_6.jpg,2C
168_7.jpg,2C
168_8.jpg,2C
168_9.jpg,2C
169_0.jpg,3C
169_1.jpg,3C
169_10.jpg,2C
169_11.jpg,2C
169_12.jpg,2C
169_13.jpg,3C
169_14.jpg,3C
169_15.jpg,2C
169_16.jpg,2C
169_17.jpg,2C
169_18.jpg,2C
169_19.jpg,2C
169_2.jpg,3C
169_20.jpg,3C
169_21.jpg,3C
169_22.jpg,3C
169_23.jpg,3C
169_24.jpg,3C
169_25.jpg,3C
169_26.jpg,3C
169_27.jpg,3C
169_28.jpg,3C
169_29.jpg,3C
169_3.jpg,3C
169_30.jpg,3C
169_31.jpg,3C
169_32.jpg,3C
169_33.jpg,3C
169_34.jpg,3C
169_35.jpg,3C
169_4.jpg,3C
169_5.jpg,3C
169_6.jpg,3C
169_7.jpg,3C
169_8.jpg,2C
169_9.jpg,2C
171_0.jpg,2C
171_1.jpg,2C
171_10.jpg,4C
171_11.jpg,2C
171_12.jpg,2C
171_13.jpg,2C
171_14.jpg,2C
171_15.jpg,2C
171_16.jpg,2C
171_17.jpg,2C
171_18.jpg,2C
171_19.jpg,2C
171_2.jpg,2C
171_20.jpg,2C
171_21.jpg,2C
171_22.jpg,2C
171_23.jpg,3C
171_3.jpg,2C
171_4.jpg,3C
171_5.jpg,3C
171_6.jpg,3C
171_7.jpg,3C
171_8.jpg,3C
171_9.jpg,4C
176_0.jpg,2C
176_1.jpg,2C
176_10.jpg,2C
176_11.jpg,2C
176_12.jpg,2C
176_13.jpg,2C
176_14.jpg,2C
176_15.jpg,2C
176_16.jpg,2C
176_17.jpg,2C
176_18.jpg,2C
176_19.jpg,2C
176_2.jpg,2C
176_20.jpg,2C
176_21.jpg,2C
176_22.jpg,2C
176_23.jpg,2C
176_24.jpg,2C
176_25.jpg,2C
176_26.jpg,2C
176_27.jpg,2C
176_3.jpg,2C
176_4.jpg,2C
176_5.jpg,2C
176_6.jpg,2C
176_7.jpg,2C
176_8.jpg,2C
176_9.jpg,2C
177_0.jpg,3C
177_1.jpg,3C
177_10.jpg,3C
177_11.jpg,3C
177_12.jpg,3C
177_13.jpg,2C
177_14.jpg,2C
177_15.jpg,2C
177_16.jpg,2C
177_17.jpg,3C
177_18.jpg,3C
177_19.jpg,3C
177_2.jpg,3C
177_20.jpg,3C
177_21.jpg,3C
177_22.jpg,3C
177_23.jpg,3C
177_24.jpg,2C
177_25.jpg,2C
177_26.jpg,3C
177_27.jpg,3C
177_3.jpg,3C
177_4.jpg,3C
177_5.jpg,3C
177_6.jpg,3C
177_7.jpg,3C
177_8.jpg,3C
177_9.jpg,2C
178_0.jpg,2C
178_1.jpg,2C
178_10.jpg,2C
178_11.jpg,2C
178_12.jpg,2C
178_13.jpg,2C
178_14.jpg,2C
178_15.jpg,2C
178_16.jpg,2C
178_17.jpg,2C
178_18.jpg,2C
178_19.jpg,2C
178_2.jpg,2C
178_20.jpg,2C
178_21.jpg,2C
178_22.jpg,2C
178_23.jpg,2C
178_24.jpg,2C
178_25.jpg,2C
178_26.jpg,2C
178_27.jpg,2C
178_28.jpg,2C
178_29.jpg,2C
178_3.jpg,2C
178_30.jpg,2C
178_31.jpg,2C
178_32.jpg,2C
178_33.jpg,2C
178_34.jpg,2C
178_35.jpg,2C
178_36.jpg,2C
178_37.jpg,2C
178_38.jpg,2C
178_39.jpg,2C
178_4.jpg,2C
178_5.jpg,2C
178_6.jpg,2C
178_7.jpg,2C
178_8.jpg,2C
178_9.jpg,2C
181_0.jpg,2C
181_1.jpg,2C
181_10.jpg,2C
181_11.jpg,2C
181_12.jpg,2C
181_13.jpg,2C
181_14.jpg,2C
181_15.jpg,2C
181_16.jpg,2C
181_17.jpg,2C
181_18.jpg,2C
181_19.jpg,2C
181_2.jpg,2C
181_20.jpg,2C
181_21.jpg,2C
181_22.jpg,2C
181_23.jpg,2C
181_24.jpg,2C
181_25.jpg,2C
181_26.jpg,2C
181_27.jpg,2C
181_28.jpg,2C
181_29.jpg,2C
181_3.jpg,2C
181_30.jpg,2C
181_31.jpg,2C
181_32.jpg,2C
181_33.jpg,2C
181_34.jpg,2C
181_35.jpg,2C
181_36.jpg,2C
181_37.jpg,2C
181_38.jpg,2C
181_39.jpg,2C
181_4.jpg,2C
181_40.jpg,2C
181_41.jpg,2C
181_42.jpg,2C
181_43.jpg,2C
181_44.jpg,2C
181_45.jpg,2C
181_46.jpg,2C
181_47.jpg,2C
181_48.jpg,2C
181_49.jpg,3C
181_5.jpg,2C
181_50.jpg,3C
181_51.jpg,3C
181_52.jpg,3C
181_53.jpg,3C
181_54.jpg,3C
181_55.jpg,3C
181_56.jpg,3C
181_57.jpg,2C
181_58.jpg,2C
181_59.jpg,2C
181_6.jpg,2C
181_60.jpg,2C
181_61.jpg,2C
181_62.jpg,2C
181_63.jpg,2C
181_64.jpg,2C
181_65.jpg,2C
181_66.jpg,2C
181_67.jpg,2C
181_68.jpg,2C
181_69.jpg,2C
181_7.jpg,2C
181_70.jpg,2C
181_71.jpg,2C
181_72.jpg,2C
181_73.jpg,2C
181_74.jpg,2C
181_8.jpg,2C
181_9.jpg,2C
183_0.jpg,3C
183_1.jpg,3C
183_10.jpg,3C
183_11.jpg,3C
183_12.jpg,3C
183_13.jpg,3C
183_14.jpg,3C
183_15.jpg,3C
183_16.jpg,3C
183_17.jpg,3C
183_18.jpg,3C
183_19.jpg,3C
183_2.jpg,3C
183_20.jpg,3C
183_21.jpg,3C
183_22.jpg,3C
183_23.jpg,3C
183_24.jpg,3C
183_25.jpg,3C
183_26.jpg,3C
183_3.jpg,3C
183_4.jpg,3C
183_5.jpg,3C
183_6.jpg,3C
183_7.jpg,3C
183_8.jpg,3C
183_9.jpg,3C
191_0.jpg,2C
191_1.jpg,2C
191_10.jpg,2C
191_11.jpg,2C
191_12.jpg,2C
191_13.jpg,2C
191_14.jpg,2C
191_15.jpg,2C
191_16.jpg,2C
191_17.jpg,2C
191_18.jpg,2C
191_19.jpg,2C
191_2.jpg,2C
191_20.jpg,2C
191_21.jpg,2C
191_22.jpg,2C
191_23.jpg,2C
191_24.jpg,2C
191_25.jpg,2C
191_26.jpg,2C
191_27.jpg,2C
191_28.jpg,2C
191_29.jpg,2C
191_3.jpg,2C
191_30.jpg,2C
191_31.jpg,2C
191_4.jpg,2C
191_5.jpg,2C
191_6.jpg,2C
191_7.jpg,2C
191_8.jpg,2C
191_9.jpg,2C
192_0.jpg,2C
192_1.jpg,2C
192_10.jpg,2C
192_11.jpg,2C
192_12.jpg,2C
192_13.jpg,2C
192_14.jpg,2C
192_15.jpg,2C
192_16.jpg,2C
192_17.jpg,2C
192_18.jpg,2C
192_19.jpg,2C
192_2.jpg,2C
192_20.jpg,2C
192_21.jpg,2C
192_22.jpg,2C
192_23.jpg,2C
192_24.jpg,2C
192_25.jpg,2C
192_26.jpg,2C
192_27.jpg,2C
192_28.jpg,2C
192_29.jpg,2C
192_3.jpg,2C
192_30.jpg,2C
192_31.jpg,2C
192_4.jpg,2C
192_5.jpg,2C
192_6.jpg,2C
192_7.jpg,2C
192_8.jpg,2C
192_9.jpg,2C
157_0.jpg,4C
157_1.jpg,4C
157_10.jpg,3C
157_11.jpg,3C
157_12.jpg,3C
157_13.jpg,3C
157_14.jpg,3C
157_15.jpg,3C
157_16.jpg,3C
157_17.jpg,3C
157_18.jpg,3C
157_19.jpg,3C
157_2.jpg,3C
157_20.jpg,3C
157_21.jpg,3C
157_22.jpg,3C
157_23.jpg,3C
157_24.jpg,3C
157_25.jpg,3C
157_26.jpg,3C
157_27.jpg,3C
157_28.jpg,3C
157_29.jpg,3C
157_3.jpg,4C
157_30.jpg,3C
157_31.jpg,3C
157_32.jpg,3C
157_33.jpg,3C
157_34.jpg,3C
157_35.jpg,3C
157_36.jpg,3C
157_37.jpg,3C
157_38.jpg,3C
157_39.jpg,3C
157_4.jpg,4C
157_40.jpg,3C
157_41.jpg,3C
157_42.jpg,3C
157_43.jpg,3C
157_44.jpg,3C
157_45.jpg,3C
157_46.jpg,3C
157_47.jpg,3C
157_48.jpg,3C
157_49.jpg,3C
157_5.jpg,3C
157_50.jpg,3C
157_51.jpg,3C
157_52.jpg,3C
157_6.jpg,3C
157_7.jpg,3C
157_8.jpg,3C
157_9.jpg,3C
159_0.jpg,3C
159_1.jpg,3C
159_10.jpg,3C
159_11.jpg,3C
159_12.jpg,3C
159_13.jpg,3C
159_14.jpg,3C
159_15.jpg,3C
159_16.jpg,3C
159_17.jpg,3C
159_18.jpg,3C
159_19.jpg,3C
159_2.jpg,3C
159_20.jpg,3C
159_21.jpg,3C
159_22.jpg,3C
159_23.jpg,3C
159_24.jpg,3C
159_3.jpg,3C
159_4.jpg,3C
159_5.jpg,3C
159_6.jpg,3C
159_7.jpg,3C
159_8.jpg,3C
159_9.jpg,3C
161_0.jpg,3C
161_1.jpg,3C
161_10.jpg,3C
161_11.jpg,3C
161_12.jpg,3C
161_13.jpg,3C
161_14.jpg,3C
161_15.jpg,3C
161_16.jpg,3C
161_17.jpg,3C
161_18.jpg,3C
161_19.jpg,3C
161_2.jpg,3C
161_20.jpg,3C
161_21.jpg,3C
161_22.jpg,3C
161_23.jpg,3C
161_24.jpg,3C
161_25.jpg,3C
161_26.jpg,3C
161_27.jpg,3C
161_28.jpg,3C
161_3.jpg,3C
161_4.jpg,3C
161_5.jpg,3C
161_6.jpg,3C
161_7.jpg,3C
161_8.jpg,3C
161_9.jpg,3C
162_0.jpg,3C
162_1.jpg,3C
162_10.jpg,3C
162_11.jpg,3C
162_12.jpg,3C
162_13.jpg,3C
162_14.jpg,3C
162_15.jpg,3C
162_16.jpg,3C
162_17.jpg,3C
162_18.jpg,3C
162_19.jpg,3C
162_2.jpg,3C
162_20.jpg,3C
162_21.jpg,3C
162_22.jpg,3C
162_23.jpg,3C
162_24.jpg,3C
162_3.jpg,3C
162_4.jpg,3C
162_5.jpg,3C
162_6.jpg,3C
162_7.jpg,3C
162_8.jpg,3C
162_9.jpg,3C
166_0.jpg,3C
166_1.jpg,3C
166_10.jpg,3C
166_11.jpg,3C
166_12.jpg,3C
166_13.jpg,3C
166_14.jpg,3C
166_15.jpg,3C
166_16.jpg,3C
166_17.jpg,3C
166_18.jpg,3C
166_19.jpg,3C
166_2.jpg,3C
166_20.jpg,3C
166_21.jpg,3C
166_22.jpg,3C
166_23.jpg,3C
166_24.jpg,3C
166_3.jpg,3C
166_4.jpg,3C
166_5.jpg,3C
166_6.jpg,3C
166_7.jpg,3C
166_8.jpg,3C
166_9.jpg,3C
174_0.jpg,3C
174_1.jpg,3C
174_10.jpg,2C
174_11.jpg,2C
174_12.jpg,2C
174_13.jpg,2C
174_14.jpg,2C
174_15.jpg,2C
174_16.jpg,2C
174_17.jpg,2C
174_18.jpg,2C
174_19.jpg,2C
174_2.jpg,3C
174_20.jpg,3C
174_21.jpg,3C
174_22.jpg,3C
174_23.jpg,3C
174_24.jpg,3C
174_25.jpg,3C
174_26.jpg,3C
174_27.jpg,3C
174_3.jpg,3C
174_4.jpg,3C
174_5.jpg,3C
174_6.jpg,3C
174_7.jpg,2C
174_8.jpg,3C
174_9.jpg,3C
175_0.jpg,3C
175_1.jpg,3C
175_10.jpg,3C
175_11.jpg,3C
175_12.jpg,3C
175_13.jpg,3C
175_14.jpg,3C
175_15.jpg,3C
175_16.jpg,3C
175_17.jpg,3C
175_18.jpg,3C
175_19.jpg,3C
175_2.jpg,3C
175_20.jpg,3C
175_21.jpg,3C
175_22.jpg,3C
175_23.jpg,3C
175_24.jpg,3C
175_25.jpg,3C
175_26.jpg,3C
175_27.jpg,3C
175_28.jpg,3C
175_29.jpg,3C
175_3.jpg,3C
175_30.jpg,3C
175_31.jpg,3C
175_4.jpg,3C
175_5.jpg,3C
175_6.jpg,3C
175_7.jpg,3C
175_8.jpg,3C
175_9.jpg,3C
179_0.jpg,2C
179_1.jpg,2C
179_10.jpg,2C
179_11.jpg,2C
179_12.jpg,2C
179_13.jpg,2C
179_14.jpg,2C
179_15.jpg,2C
179_16.jpg,2C
179_17.jpg,2C
179_18.jpg,2C
179_19.jpg,2C
179_2.jpg,2C
179_20.jpg,2C
179_3.jpg,2C
179_4.jpg,2C
179_5.jpg,2C
179_6.jpg,2C
179_7.jpg,2C
179_8.jpg,2C
179_9.jpg,2C
185_0.jpg,2C
185_1.jpg,2C
185_10.jpg,2C
185_11.jpg,2C
185_12.jpg,2C
185_13.jpg,2C
185_14.jpg,2C
185_15.jpg,2C
185_16.jpg,2C
185_17.jpg,2C
185_18.jpg,2C
185_19.jpg,2C
185_2.jpg,2C
185_20.jpg,2C
185_21.jpg,2C
185_22.jpg,2C
185_3.jpg,2C
185_4.jpg,2C
185_5.jpg,2C
185_6.jpg,2C
185_7.jpg,2C
185_8.jpg,2C
185_9.jpg,2C
186_0.jpg,3C
186_1.jpg,3C
186_10.jpg,3C
186_11.jpg,3C
186_12.jpg,3C
186_13.jpg,3C
186_14.jpg,3C
186_15.jpg,3C
186_16.jpg,3C
186_17.jpg,3C
186_18.jpg,3C
186_19.jpg,3C
186_2.jpg,3C
186_20.jpg,3C
186_21.jpg,3C
186_22.jpg,3C
186_23.jpg,3C
186_24.jpg,3C
186_3.jpg,3C
186_4.jpg,3C
186_5.jpg,3C
186_6.jpg,3C
186_7.jpg,3C
186_8.jpg,3C
186_9.jpg,3C
189_0.jpg,3C
189_1.jpg,2C
189_10.jpg,2C
189_11.jpg,2C
189_12.jpg,2C
189_13.jpg,2C
189_2.jpg,2C
189_3.jpg,2C
189_4.jpg,2C
189_5.jpg,2C
189_6.jpg,2C
189_7.jpg,2C
189_8.jpg,2C
189_9.jpg,2C
190_0.jpg,3C
190_1.jpg,3C
190_10.jpg,3C
190_11.jpg,3C
190_12.jpg,3C
190_13.jpg,3C
190_14.jpg,3C
190_15.jpg,3C
190_16.jpg,3C
190_17.jpg,3C
190_18.jpg,3C
190_19.jpg,3C
190_2.jpg,3C
190_20.jpg,3C
190_21.jpg,3C
190_22.jpg,3C
190_23.jpg,3C
190_24.jpg,3C
190_25.jpg,3C
190_26.jpg,3C
190_27.jpg,3C
190_28.jpg,3C
190_29.jpg,3C
190_3.jpg,3C
190_30.jpg,3C
190_31.jpg,3C
190_32.jpg,3C
190_33.jpg,3C
190_34.jpg,3C
190_35.jpg,3C
190_36.jpg,3C
190_37.jpg,3C
190_4.jpg,3C
190_5.jpg,3C
190_6.jpg,3C
190_7.jpg,3C
190_8.jpg,3C
190_9.jpg,3C
194_0.jpg,3C
194_1.jpg,3C
194_10.jpg,3C
194_11.jpg,3C
194_12.jpg,3C
194_13.jpg,3C
194_14.jpg,3C
194_15.jpg,3C
194_16.jpg,3C
194_17.jpg,3C
194_18.jpg,3C
194_19.jpg,3C
194_2.jpg,2C
194_20.jpg,3C
194_21.jpg,3C
194_22.jpg,3C
194_23.jpg,3C
194_24.jpg,3C
194_25.jpg,3C
194_26.jpg,3C
194_27.jpg,3C
194_28.jpg,3C
194_3.jpg,3C
194_4.jpg,3C
194_5.jpg,3C
194_6.jpg,3C
194_7.jpg,3C
194_8.jpg,3C
194_9.jpg,3C
160_0.jpg,4C
160_1.jpg,4C
160_10.jpg,4C
160_100.jpg,4C
160_101.jpg,4C
160_102.jpg,4C
160_103.jpg,4C
160_104.jpg,4C
160_105.jpg,4C
160_106.jpg,4C
160_11.jpg,4C
160_12.jpg,4C
160_13.jpg,4C
160_14.jpg,4C
160_15.jpg,4C
160_16.jpg,4C
160_17.jpg,4C
160_18.jpg,4C
160_19.jpg,4C
160_2.jpg,4C
160_20.jpg,4C
160_21.jpg,4C
160_22.jpg,4C
160_23.jpg,4C
160_24.jpg,4C
160_25.jpg,4C
160_26.jpg,4C
160_27.jpg,4C
160_28.jpg,4C
160_29.jpg,4C
160_3.jpg,4C
160_30.jpg,4C
160_31.jpg,4C
160_32.jpg,4C
160_33.jpg,4C
160_34.jpg,4C
160_35.jpg,4C
160_36.jpg,4C
160_37.jpg,4C
160_38.jpg,4C
160_39.jpg,4C
160_4.jpg,4C
160_40.jpg,4C
160_41.jpg,4C
160_42.jpg,4C
160_43.jpg,4C
160_44.jpg,4C
160_45.jpg,4C
160_46.jpg,4C
160_47.jpg,4C
160_48.jpg,4C
160_49.jpg,4C
160_5.jpg,4C
160_50.jpg,4C
160_51.jpg,4C
160_52.jpg,4C
160_53.jpg,4C
160_54.jpg,4C
160_55.jpg,4C
160_56.jpg,4C
160_57.jpg,4C
160_58.jpg,4C
160_59.jpg,4C
160_6.jpg,4C
160_60.jpg,4C
160_61.jpg,4C
160_62.jpg,4C
160_63.jpg,4C
160_64.jpg,4C
160_65.jpg,4C
160_66.jpg,4C
160_67.jpg,4C
160_68.jpg,4C
160_69.jpg,4C
160_7.jpg,4C
160_70.jpg,4C
160_71.jpg,4C
160_72.jpg,4C
160_73.jpg,4C
160_74.jpg,4C
160_75.jpg,4C
160_76.jpg,4C
160_77.jpg,4C
160_78.jpg,4C
160_79.jpg,4C
160_8.jpg,4C
160_80.jpg,4C
160_81.jpg,4C
160_82.jpg,4C
160_83.jpg,4C
160_84.jpg,4C
160_85.jpg,4C
160_86.jpg,4C
160_87.jpg,4C
160_88.jpg,4C
160_89.jpg,4C
160_9.jpg,4C
160_90.jpg,4C
160_91.jpg,4C
160_92.jpg,4C
160_93.jpg,4C
160_94.jpg,4C
160_95.jpg,4C
160_96.jpg,4C
160_97.jpg,4C
160_98.jpg,4C
160_99.jpg,4C
163_0.jpg,4C
163_1.jpg,4C
163_10.jpg,2C
163_11.jpg,2C
163_12.jpg,2C
163_13.jpg,2C
163_14.jpg,2C
163_15.jpg,2C
163_16.jpg,2C
163_17.jpg,4C
163_18.jpg,4C
163_19.jpg,4C
163_2.jpg,4C
163_20.jpg,4C
163_21.jpg,4C
163_22.jpg,4C
163_23.jpg,4C
163_24.jpg,4C
163_25.jpg,4C
163_26.jpg,4C
163_27.jpg,4C
163_28.jpg,4C
163_29.jpg,4C
163_3.jpg,4C
163_30.jpg,4C
163_31.jpg,4C
163_32.jpg,4C
163_33.jpg,4C
163_34.jpg,2C
163_35.jpg,2C
163_4.jpg,4C
163_5.jpg,4C
163_6.jpg,4C
163_7.jpg,2C
163_8.jpg,2C
163_9.jpg,2C
164_0.jpg,4C
164_1.jpg,4C
164_10.jpg,4C
164_11.jpg,4C
164_12.jpg,4C
164_13.jpg,4C
164_14.jpg,4C
164_15.jpg,4C
164_16.jpg,4C
164_17.jpg,4C
164_18.jpg,4C
164_19.jpg,4C
164_2.jpg,4C
164_20.jpg,4C
164_21.jpg,4C
164_22.jpg,4C
164_23.jpg,4C
164_24.jpg,4C
164_25.jpg,4C
164_26.jpg,4C
164_27.jpg,4C
164_28.jpg,4C
164_29.jpg,4C
164_3.jpg,4C
164_30.jpg,4C
164_31.jpg,4C
164_4.jpg,4C
164_5.jpg,4C
164_6.jpg,4C
164_7.jpg,4C
164_8.jpg,4C
164_9.jpg,4C
167_0.jpg,4C
167_1.jpg,4C
167_10.jpg,4C
167_11.jpg,4C
167_12.jpg,4C
167_13.jpg,4C
167_14.jpg,4C
167_15.jpg,4C
167_16.jpg,4C
167_17.jpg,4C
167_18.jpg,4C
167_19.jpg,4C
167_2.jpg,4C
167_20.jpg,4C
167_21.jpg,4C
167_22.jpg,4C
167_23.jpg,4C
167_24.jpg,4C
167_25.jpg,4C
167_26.jpg,4C
167_27.jpg,4C
167_28.jpg,4C
167_29.jpg,4C
167_3.jpg,4C
167_30.jpg,4C
167_31.jpg,4C
167_32.jpg,4C
167_33.jpg,4C
167_34.jpg,4C
167_35.jpg,4C
167_36.jpg,4C
167_37.jpg,4C
167_38.jpg,4C
167_39.jpg,4C
167_4.jpg,4C
167_40.jpg,4C
167_41.jpg,4C
167_42.jpg,4C
167_43.jpg,4C
167_44.jpg,4C
167_45.jpg,4C
167_46.jpg,4C
167_47.jpg,4C
167_48.jpg,4C
167_49.jpg,4C
167_5.jpg,4C
167_50.jpg,4C
167_51.jpg,4C
167_52.jpg,4C
167_53.jpg,4C
167_54.jpg,4C
167_55.jpg,4C
167_56.jpg,4C
167_57.jpg,4C
167_58.jpg,4C
167_59.jpg,4C
167_6.jpg,4C
167_60.jpg,4C
167_61.jpg,4C
167_62.jpg,4C
167_63.jpg,4C
167_64.jpg,4C
167_65.jpg,2C
167_66.jpg,2C
167_67.jpg,2C
167_68.jpg,2C
167_69.jpg,2C
167_7.jpg,4C
167_70.jpg,2C
167_71.jpg,2C
167_72.jpg,4C
167_73.jpg,4C
167_74.jpg,4C
167_75.jpg,4C
167_76.jpg,4C
167_77.jpg,4C
167_78.jpg,4C
167_79.jpg,4C
167_8.jpg,4C
167_80.jpg,4C
167_81.jpg,4C
167_9.jpg,4C
170_0.jpg,4C
170_1.jpg,4C
170_10.jpg,4C
170_11.jpg,4C
170_12.jpg,4C
170_13.jpg,4C
170_14.jpg,4C
170_15.jpg,4C
170_16.jpg,4C
170_17.jpg,4C
170_18.jpg,4C
170_19.jpg,4C
170_2.jpg,4C
170_20.jpg,4C
170_21.jpg,4C
170_22.jpg,4C
170_23.jpg,4C
170_24.jpg,4C
170_25.jpg,4C
170_26.jpg,4C
170_27.jpg,4C
170_28.jpg,4C
170_29.jpg,4C
170_3.jpg,2C
170_30.jpg,4C
170_31.jpg,4C
170_32.jpg,4C
170_33.jpg,2C
170_34.jpg,2C
170_35.jpg,2C
170_36.jpg,2C
170_37.jpg,2C
170_38.jpg,2C
170_39.jpg,2C
170_4.jpg,2C
170_40.jpg,2C
170_41.jpg,4C
170_42.jpg,4C
170_43.jpg,4C
170_44.jpg,2C
170_45.jpg,2C
170_46.jpg,4C
170_47.jpg,2C
170_48.jpg,4C
170_49.jpg,4C
170_5.jpg,4C
170_50.jpg,4C
170_51.jpg,4C
170_52.jpg,4C
170_53.jpg,4C
170_54.jpg,4C
170_55.jpg,4C
170_56.jpg,4C
170_57.jpg,4C
170_58.jpg,4C
170_59.jpg,4C
170_6.jpg,4C
170_60.jpg,4C
170_61.jpg,4C
170_62.jpg,4C
170_63.jpg,4C
170_64.jpg,4C
170_65.jpg,4C
170_66.jpg,4C
170_67.jpg,4C
170_68.jpg,4C
170_69.jpg,4C
170_7.jpg,4C
170_70.jpg,4C
170_71.jpg,4C
170_72.jpg,4C
170_73.jpg,4C
170_74.jpg,4C
170_75.jpg,4C
170_76.jpg,4C
170_77.jpg,4C
170_78.jpg,4C
170_79.jpg,4C
170_8.jpg,4C
170_80.jpg,4C
170_81.jpg,4C
170_82.jpg,4C
170_83.jpg,4C
170_84.jpg,4C
170_85.jpg,4C
170_86.jpg,4C
170_87.jpg,4C
170_9.jpg,4C
172_0.jpg,4C
172_1.jpg,4C
172_10.jpg,4C
172_11.jpg,4C
172_12.jpg,4C
172_13.jpg,4C
172_14.jpg,4C
172_15.jpg,4C
172_16.jpg,4C
172_17.jpg,4C
172_18.jpg,4C
172_19.jpg,4C
172_2.jpg,4C
172_20.jpg,4C
172_21.jpg,4C
172_22.jpg,4C
172_23.jpg,4C
172_24.jpg,4C
172_25.jpg,4C
172_26.jpg,4C
172_27.jpg,4C
172_28.jpg,4C
172_29.jpg,4C
172_3.jpg,4C
172_30.jpg,4C
172_31.jpg,4C
172_4.jpg,4C
172_5.jpg,4C
172_6.jpg,4C
172_7.jpg,4C
172_8.jpg,4C
172_9.jpg,4C
173_0.jpg,3C
173_1.jpg,3C
173_10.jpg,3C
173_11.jpg,3C
173_12.jpg,3C
173_13.jpg,3C
173_14.jpg,3C
173_15.jpg,3C
173_16.jpg,3C
173_17.jpg,3C
173_18.jpg,3C
173_19.jpg,3C
173_2.jpg,3C
173_20.jpg,3C
173_21.jpg,3C
173_22.jpg,3C
173_23.jpg,3C
173_24.jpg,3C
173_25.jpg,3C
173_26.jpg,4C
173_27.jpg,4C
173_28.jpg,4C
173_29.jpg,4C
173_3.jpg,4C
173_30.jpg,4C
173_31.jpg,4C
173_32.jpg,4C
173_33.jpg,4C
173_34.jpg,4C
173_35.jpg,4C
173_36.jpg,4C
173_37.jpg,4C
173_38.jpg,4C
173_39.jpg,4C
173_4.jpg,4C
173_40.jpg,4C
173_41.jpg,4C
173_42.jpg,4C
173_43.jpg,4C
173_44.jpg,4C
173_45.jpg,3C
173_46.jpg,4C
173_47.jpg,4C
173_48.jpg,4C
173_49.jpg,4C
173_5.jpg,4C
173_50.jpg,4C
173_51.jpg,4C
173_52.jpg,4C
173_53.jpg,4C
173_54.jpg,4C
173_55.jpg,4C
173_56.jpg,4C
173_57.jpg,4C
173_58.jpg,4C
173_59.jpg,4C
173_6.jpg,4C
173_60.jpg,4C
173_61.jpg,4C
173_62.jpg,4C
173_63.jpg,3C
173_64.jpg,4C
173_65.jpg,4C
173_66.jpg,4C
173_67.jpg,4C
173_68.jpg,4C
173_69.jpg,4C
173_7.jpg,4C
173_70.jpg,4C
173_71.jpg,4C
173_72.jpg,4C
173_73.jpg,4C
173_74.jpg,4C
173_75.jpg,4C
173_76.jpg,4C
173_77.jpg,4C
173_78.jpg,4C
173_79.jpg,4C
173_8.jpg,4C
173_80.jpg,4C
173_81.jpg,4C
173_9.jpg,4C
180_0.jpg,4C
180_1.jpg,4C
180_10.jpg,4C
180_11.jpg,4C
180_12.jpg,4C
180_13.jpg,4C
180_14.jpg,4C
180_15.jpg,4C
180_16.jpg,4C
180_17.jpg,4C
180_18.jpg,4C
180_19.jpg,4C
180_2.jpg,4C
180_20.jpg,4C
180_21.jpg,4C
180_22.jpg,4C
180_23.jpg,4C
180_24.jpg,4C
180_25.jpg,4C
180_3.jpg,4C
180_4.jpg,4C
180_5.jpg,4C
180_6.jpg,4C
180_7.jpg,4C
180_8.jpg,4C
180_9.jpg,4C
182_0.jpg,4C
182_1.jpg,4C
182_10.jpg,4C
182_11.jpg,4C
182_12.jpg,4C
182_13.jpg,4C
182_14.jpg,4C
182_15.jpg,4C
182_16.jpg,4C
182_17.jpg,4C
182_18.jpg,4C
182_19.jpg,4C
182_2.jpg,4C
182_20.jpg,4C
182_21.jpg,4C
182_22.jpg,4C
182_23.jpg,4C
182_24.jpg,4C
182_25.jpg,4C
182_26.jpg,4C
182_27.jpg,3C
182_28.jpg,3C
182_29.jpg,4C
182_3.jpg,4C
182_30.jpg,4C
182_31.jpg,4C
182_4.jpg,3C
182_5.jpg,4C
182_6.jpg,4C
182_7.jpg,4C
182_8.jpg,4C
182_9.jpg,4C
184_0.jpg,4C
184_1.jpg,4C
184_10.jpg,4C
184_100.jpg,4C
184_101.jpg,4C
184_102.jpg,4C
184_103.jpg,4C
184_104.jpg,4C
184_105.jpg,4C
184_106.jpg,4C
184_107.jpg,4C
184_108.jpg,4C
184_109.jpg,4C
184_11.jpg,4C
184_110.jpg,4C
184_111.jpg,4C
184_112.jpg,4C
184_113.jpg,4C
184_114.jpg,4C
184_115.jpg,4C
184_12.jpg,4C
184_13.jpg,4C
184_14.jpg,4C
184_15.jpg,4C
184_16.jpg,4C
184_17.jpg,4C
184_18.jpg,4C
184_19.jpg,4C
184_2.jpg,4C
184_20.jpg,4C
184_21.jpg,4C
184_22.jpg,4C
184_23.jpg,4C
184_24.jpg,4C
184_25.jpg,4C
184_26.jpg,4C
184_27.jpg,4C
184_28.jpg,4C
184_29.jpg,4C
184_3.jpg,4C
184_30.jpg,4C
184_31.jpg,4C
184_32.jpg,4C
184_33.jpg,4C
184_34.jpg,4C
184_35.jpg,4C
184_36.jpg,4C
184_37.jpg,4C
184_38.jpg,4C
184_39.jpg,4C
184_4.jpg,4C
184_40.jpg,4C
184_41.jpg,4C
184_42.jpg,4C
184_43.jpg,4C
184_44.jpg,4C
184_45.jpg,4C
184_46.jpg,4C
184_47.jpg,4C
184_48.jpg,4C
184_49.jpg,4C
184_5.jpg,4C
184_50.jpg,4C
184_51.jpg,4C
184_52.jpg,4C
184_53.jpg,4C
184_54.jpg,4C
184_55.jpg,4C
184_56.jpg,4C
184_57.jpg,4C
184_58.jpg,4C
184_59.jpg,4C
184_6.jpg,4C
184_60.jpg,4C
184_61.jpg,4C
184_62.jpg,4C
184_63.jpg,4C
184_64.jpg,4C
184_65.jpg,4C
184_66.jpg,4C
184_67.jpg,4C
184_68.jpg,4C
184_69.jpg,4C
184_7.jpg,4C
184_70.jpg,4C
184_71.jpg,4C
184_72.jpg,4C
184_73.jpg,4C
184_74.jpg,4C
184_75.jpg,4C
184_76.jpg,4C
184_77.jpg,4C
184_78.jpg,4C
184_79.jpg,4C
184_8.jpg,4C
184_80.jpg,4C
184_81.jpg,4C
184_82.jpg,4C
184_83.jpg,4C
184_84.jpg,4C
184_85.jpg,4C
184_86.jpg,4C
184_87.jpg,4C
184_88.jpg,4C
184_89.jpg,4C
184_9.jpg,4C
184_90.jpg,4C
184_91.jpg,4C
184_92.jpg,4C
184_93.jpg,4C
184_94.jpg,4C
184_95.jpg,4C
184_96.jpg,4C
184_97.jpg,4C
184_98.jpg,4C
184_99.jpg,4C
187_0.jpg,4C
187_1.jpg,4C
187_10.jpg,4C
187_11.jpg,4C
187_12.jpg,4C
187_13.jpg,4C
187_14.jpg,4C
187_15.jpg,4C
187_16.jpg,4C
187_17.jpg,4C
187_18.jpg,4C
187_19.jpg,4C
187_2.jpg,4C
187_20.jpg,4C
187_21.jpg,4C
187_22.jpg,4C
187_23.jpg,4C
187_24.jpg,4C
187_25.jpg,4C
187_26.jpg,4C
187_27.jpg,4C
187_28.jpg,4C
187_29.jpg,4C
187_3.jpg,4C
187_30.jpg,4C
187_31.jpg,4C
187_32.jpg,4C
187_4.jpg,4C
187_5.jpg,4C
187_6.jpg,4C
187_7.jpg,4C
187_8.jpg,4C
187_9.jpg,4C
188_0.jpg,4C
188_1.jpg,4C
188_10.jpg,4C
188_11.jpg,4C
188_12.jpg,4C
188_13.jpg,4C
188_14.jpg,4C
188_15.jpg,4C
188_16.jpg,4C
188_17.jpg,4C
188_18.jpg,4C
188_19.jpg,4C
188_2.jpg,4C
188_20.jpg,4C
188_21.jpg,4C
188_22.jpg,4C
188_23.jpg,4C
188_24.jpg,4C
188_25.jpg,4C
188_26.jpg,4C
188_27.jpg,4C
188_28.jpg,4C
188_29.jpg,4C
188_3.jpg,4C
188_30.jpg,4C
188_31.jpg,4C
188_4.jpg,4C
188_5.jpg,4C
188_6.jpg,4C
188_7.jpg,4C
188_8.jpg,4C
188_9.jpg,4C
193_0.jpg,4C
193_1.jpg,4C
193_10.jpg,4C
193_100.jpg,4C
193_101.jpg,4C
193_102.jpg,4C
193_103.jpg,4C
193_104.jpg,4C
193_105.jpg,4C
193_106.jpg,4C
193_107.jpg,4C
193_108.jpg,4C
193_109.jpg,4C
193_11.jpg,4C
193_110.jpg,4C
193_12.jpg,4C
193_13.jpg,4C
193_14.jpg,4C
193_15.jpg,4C
193_16.jpg,4C
193_17.jpg,4C
193_18.jpg,4C
193_19.jpg,4C
193_2.jpg,4C
193_20.jpg,4C
193_21.jpg,4C
193_22.jpg,4C
193_23.jpg,4C
193_24.jpg,4C
193_25.jpg,4C
193_26.jpg,4C
193_27.jpg,4C
193_28.jpg,4C
193_29.jpg,4C
193_3.jpg,4C
193_30.jpg,4C
193_31.jpg,4C
193_32.jpg,4C
193_33.jpg,4C
193_34.jpg,4C
193_35.jpg,4C
193_36.jpg,4C
193_37.jpg,4C
193_38.jpg,4C
193_39.jpg,4C
193_4.jpg,4C
193_40.jpg,4C
193_41.jpg,4C
193_42.jpg,4C
193_43.jpg,4C
193_44.jpg,4C
193_45.jpg,4C
193_46.jpg,4C
193_47.jpg,4C
193_48.jpg,4C
193_49.jpg,4C
193_5.jpg,4C
193_50.jpg,4C
193_51.jpg,4C
193_52.jpg,4C
193_53.jpg,4C
193_54.jpg,4C
193_55.jpg,4C
193_56.jpg,4C
193_57.jpg,4C
193_58.jpg,4C
193_59.jpg,4C
193_6.jpg,4C
193_60.jpg,4C
193_61.jpg,4C
193_62.jpg,4C
193_63.jpg,4C
193_64.jpg,4C
193_65.jpg,4C
193_66.jpg,4C
193_67.jpg,4C
193_68.jpg,4C
193_69.jpg,4C
193_7.jpg,4C
193_70.jpg,4C
193_71.jpg,4C
193_72.jpg,4C
193_73.jpg,4C
193_74.jpg,4C
193_75.jpg,4C
193_76.jpg,4C
193_77.jpg,4C
193_78.jpg,4C
193_79.jpg,4C
193_8.jpg,4C
193_80.jpg,4C
193_81.jpg,4C
193_82.jpg,4C
193_83.jpg,4C
193_84.jpg,4C
193_85.jpg,4C
193_86.jpg,4C
193_87.jpg,4C
193_88.jpg,4C
193_89.jpg,4C
193_9.jpg,4C
193_90.jpg,4C
193_91.jpg,4C
193_92.jpg,4C
193_93.jpg,4C
193_94.jpg,4C
193_95.jpg,4C
193_96.jpg,4C
193_97.jpg,4C
193_98.jpg,4C
193_99.jpg,4C
195_0.jpg,4C
195_1.jpg,4C
195_10.jpg,4C
195_11.jpg,4C
195_12.jpg,4C
195_13.jpg,4C
195_14.jpg,4C
195_15.jpg,4C
195_16.jpg,4C
195_17.jpg,4C
195_18.jpg,4C
195_19.jpg,4C
195_2.jpg,4C
195_20.jpg,4C
195_21.jpg,4C
195_3.jpg,4C
195_4.jpg,4C
195_5.jpg,4C
195_6.jpg,4C
195_7.jpg,4C
195_8.jpg,4C
195_9.jpg,4C
